occurrenceID,eventID,scientificName,eventDate,decimalLatitude,decimalLongitude,basisOfRecord,identificationConfidence
893ecc32-a599-456b-ac43-4b1121ca0260,Lchura_2026-06-10_0600,Lesser Masked Weaver (Mairii),2026-06-10T06:00:00,1.1483,36.9701,MachineObservation,0.486
05f2d428-cae6-4469-a0e5-df75e3b667d1,Lchura_2026-06-10_0600,Lesser Masked Weaver (Mairii),2026-06-10T06:00:00,1.1483,36.9701,MachineObservation,0.486
cff0135a-075e-409f-93c3-41d2be0728d9,Lchura_2026-06-10_0600,Lesser Masked Weaver (Mairii),2026-06-10T06:00:00,1.1483,36.9701,MachineObservation,0.486
02eb3ecc-80eb-4b65-a2ca-df0df7c887a4,Lchura_2026-06-10_0600,Lesser Masked Weaver (Mairii),2026-06-10T06:00:00,1.1483,36.9701,MachineObservation,0.486
0e3edd0e-41ac-4fd6-b1d7-3bb1547323f8,Lchura_2026-06-10_0600,Lesser Masked Weaver (Mairii),2026-06-10T06:00:00,1.1483,36.9701,MachineObservation,0.486
3ec169ab-1e7a-40eb-9046-55a3f0595535,Lchura_2026-06-10_0600,Lesser Masked Weaver (Mairii),2026-06-10T06:00:00,1.1483,36.9701,MachineObservation,0.486
8683b07b-a60b-4a80-82eb-b58838dec912,Lchura_2026-06-10_0600,Lesser Masked Weaver (Mairii),2026-06-10T06:00:00,1.1483,36.9701,MachineObservation,0.475
003fd69c-f314-4812-be16-573664b14e1b,Lchura_2026-06-10_0600,Lesser Masked Weaver (Mairii),2026-06-10T06:00:00,1.1483,36.9701,MachineObservation,0.216
f4644d0e-7ed3-4401-b519-14f757e6d6c4,Lchura_2026-06-10_0600,Lesser Masked Weaver (Mairii),2026-06-10T06:00:00,1.1483,36.9701,MachineObservation,0.216
ef588729-2c8c-4746-bcdf-0a99936528db,Lchura_2026-06-10_0600,Lesser Masked Weaver (Mairii),2026-06-10T06:00:00,1.1483,36.9701,MachineObservation,0.216
6f943aa7-859f-46de-be63-1aa40184fb5e,Lchura_2026-06-10_0600,Lesser Masked Weaver (Mairii),2026-06-10T06:00:00,1.1483,36.9701,MachineObservation,0.216
30471559-7092-44b8-ad0d-789394a52435,Lchura_2026-06-10_0600,Lesser Masked Weaver (Mairii),2026-06-10T06:00:00,1.1483,36.9701,MachineObservation,0.65
c777ba21-7488-49f9-98ca-198601d69df1,Lchura_2026-06-10_0600,Lesser Masked Weaver (Mairii),2026-06-10T06:00:00,1.1483,36.9701,MachineObservation,0.206
608766d8-5562-408b-a50d-7c74462abcf3,Lchura_2026-06-10_0600,Lesser Masked Weaver (Mairii),2026-06-10T06:00:00,1.1483,36.9701,MachineObservation,0.201
67900fd2-8d77-485c-9108-ef731832945c,Lchura_2026-06-10_0600,Lesser Masked Weaver (Mairii),2026-06-10T06:00:00,1.1483,36.9701,MachineObservation,0.201
228419ba-50ee-4d00-8f64-6b96801699ae,Lchura_2026-06-10_0600,Lesser Masked Weaver (Mairii),2026-06-10T06:00:00,1.1483,36.9701,MachineObservation,0.201
ed6bec44-9e95-4603-ad32-fdfd960dae85,Lchura_2026-06-10_0600,Lesser Masked Weaver (Mairii),2026-06-10T06:00:00,1.1483,36.9701,MachineObservation,0.201
83657d19-794a-4913-b0ee-3a62317887ab,Lchura_2026-06-10_0600,Lesser Masked Weaver (Mairii),2026-06-10T06:00:00,1.1483,36.9701,MachineObservation,0.201
b1669370-ad03-46d7-9cd6-b26b138f2c00,Lchura_2026-06-10_0600,Lesser Masked Weaver (Mairii),2026-06-10T06:00:00,1.1483,36.9701,MachineObservation,0.201
dbe26029-5d24-4fad-b90c-6a0f0fedc034,Lchura_2026-06-10_0600,Lesser Masked Weaver (Mairii),2026-06-10T06:00:00,1.1483,36.9701,MachineObservation,0.211
e5fe92c1-68ba-41dc-ba98-755c4338fe30,Lchura_2026-06-10_0600,Lesser Masked Weaver (Mairii),2026-06-10T06:00:00,1.1483,36.9701,MachineObservation,0.201
efc6d4e5-17a8-4b26-922b-7a0508758d17,Lchura_2026-06-10_0600,Lesser Masked Weaver (Mairii),2026-06-10T06:00:00,1.1483,36.9701,MachineObservation,0.627
a9df6fb0-d791-4e2c-90a4-f9471aa17a53,Lchura_2026-06-10_0600,Lesser Masked Weaver (Mairii),2026-06-10T06:00:00,1.1483,36.9701,MachineObservation,0.627
a75e558b-5e6a-43c8-9ae8-ebb398864890,Lchura_2026-06-10_0600,Lesser Masked Weaver (Mairii),2026-06-10T06:00:00,1.1483,36.9701,MachineObservation,0.627
8a5b8d70-66ff-463f-8ed8-cac00e7b0176,Lchura_2026-06-10_0600,Lesser Masked Weaver (Mairii),2026-06-10T06:00:00,1.1483,36.9701,MachineObservation,0.936
3f1ec80b-d362-4436-904f-037172c09905,Lchura_2026-06-10_0600,Lesser Masked Weaver (Mairii),2026-06-10T06:00:00,1.1483,36.9701,MachineObservation,0.936
ff9c8a3e-dceb-4aee-9140-bcdfd02592a3,Lchura_2026-06-10_0600,Lesser Masked Weaver (Mairii),2026-06-10T06:00:00,1.1483,36.9701,MachineObservation,0.936
00190c35-1aed-4e75-92fe-375be76f50fd,Lchura_2026-06-10_0600,Lesser Masked Weaver (Mairii),2026-06-10T06:00:00,1.1483,36.9701,MachineObservation,0.666
b981010b-0684-40ae-8cd4-061381247cc5,Lchura_2026-06-10_0600,Lesser Masked Weaver (Mairii),2026-06-10T06:00:00,1.1483,36.9701,MachineObservation,0.666
c1d8b7da-41c2-49aa-aad3-0182732ba094,Lchura_2026-06-10_0600,Lesser Masked Weaver (Mairii),2026-06-10T06:00:00,1.1483,36.9701,MachineObservation,0.666
4207adc1-452a-4ca9-bc37-44aae752c776,Lchura_2026-06-10_0600,Lesser Masked Weaver (Mairii),2026-06-10T06:00:00,1.1483,36.9701,MachineObservation,0.256
24d47c8e-8f7d-409a-80f8-558123bcee36,Lchura_2026-06-10_0600,Lesser Masked Weaver (Mairii),2026-06-10T06:00:00,1.1483,36.9701,MachineObservation,0.635
326837e5-f3b4-49c4-a4e5-84a9aee0722c,Lchura_2026-06-10_0600,Lesser Masked Weaver (Mairii),2026-06-10T06:00:00,1.1483,36.9701,MachineObservation,0.902
885051d4-1c50-495a-8cdf-607866be7f3e,Lchura_2026-06-10_0600,Lesser Masked Weaver (Mairii),2026-06-10T06:00:00,1.1483,36.9701,MachineObservation,0.902
f952770a-d51b-451a-8dce-900867a29ac3,Lchura_2026-06-10_0600,Lesser Masked Weaver (Mairii),2026-06-10T06:00:00,1.1483,36.9701,MachineObservation,0.902
9d8b88b2-7ca3-4bed-af14-dd8ffd815e08,Lchura_2026-06-10_0600,Lesser Masked Weaver (Mairii),2026-06-10T06:00:00,1.1483,36.9701,MachineObservation,0.958
a6c96338-38c3-475b-9c34-5bbb13c9f8a0,Lchura_2026-06-10_0600,Lesser Masked Weaver (Mairii),2026-06-10T06:00:00,1.1483,36.9701,MachineObservation,0.65
19455361-ecd7-4baf-a607-bac8d85ddba7,Lchura_2026-06-10_0600,Lesser Masked Weaver (Mairii),2026-06-10T06:00:00,1.1483,36.9701,MachineObservation,0.227
0420fab3-3d9b-4aaa-b122-eca4887a032e,Lchura_2026-06-10_0600,Lesser Masked Weaver (Mairii),2026-06-10T06:00:00,1.1483,36.9701,MachineObservation,0.221
a772a629-9e6d-4f36-80bd-1327052191e8,Lchura_2026-06-10_0600,Lesser Masked Weaver (Mairii),2026-06-10T06:00:00,1.1483,36.9701,MachineObservation,0.25
46908b34-52d4-4719-9175-72d806288f05,Lchura_2026-06-10_0600,White-bellied Go-away-bird (Lkuak),2026-06-10T06:00:00,1.1483,36.9701,MachineObservation,0.242
ae61c6a6-594d-4ca0-a4ce-e7ce1c7ba637,Lchura_2026-06-10_0600,White-bellied Go-away-bird (Lkuak),2026-06-10T06:00:00,1.1483,36.9701,MachineObservation,0.242
3d8e5a7a-c839-435f-a422-d0991a56328d,Lchura_2026-06-10_0600,White-bellied Go-away-bird (Lkuak),2026-06-10T06:00:00,1.1483,36.9701,MachineObservation,0.242
93239f8b-1254-43e5-827d-1462b95baba5,Lchura_2026-06-10_0600,Lesser Masked Weaver (Mairii),2026-06-10T06:00:00,1.1483,36.9701,MachineObservation,0.982
ebccdf77-e6b5-4ad3-bace-6c89998bb432,Lchura_2026-06-10_0600,Pied (Jacobin) Cuckoo (Chupaa),2026-06-10T06:00:00,1.1483,36.9701,MachineObservation,0.827
74b63473-0fb1-4a7e-8867-ea2e9812b058,Lchura_2026-06-10_0600,White-bellied Go-away-bird (Lkuak),2026-06-10T06:00:00,1.1483,36.9701,MachineObservation,0.879
cc9807c9-8bfc-432d-853f-e875edb88ce0,Lchura_2026-06-10_0600,White-bellied Go-away-bird (Lkuak),2026-06-10T06:00:00,1.1483,36.9701,MachineObservation,0.879
ae02c14c-3ed4-43b9-ac40-23ff342f20ba,Lchura_2026-06-10_0600,White-bellied Go-away-bird (Lkuak),2026-06-10T06:00:00,1.1483,36.9701,MachineObservation,0.879
4859ace7-42cc-4815-93bd-560277b3e4f1,Lchura_2026-06-10_0600,White-bellied Go-away-bird (Lkuak),2026-06-10T06:00:00,1.1483,36.9701,MachineObservation,0.879
629ea87d-3bbb-4775-871b-df4c8521af95,Lchura_2026-06-10_0600,Lesser Masked Weaver (Mairii),2026-06-10T06:00:00,1.1483,36.9701,MachineObservation,0.536
123cbdd5-a5a3-43c9-8d5f-a7d517f2b384,Lchura_2026-06-10_0600,Lesser Masked Weaver (Mairii),2026-06-10T06:00:00,1.1483,36.9701,MachineObservation,0.244
b1c9b97b-dc6d-4413-86e8-cdd8ed174a2d,Lchura_2026-06-10_0600,Lesser Masked Weaver (Mairii),2026-06-10T06:00:00,1.1483,36.9701,MachineObservation,0.244
e91d95b8-e3de-400f-8d26-7e463b14feaf,Lchura_2026-06-10_0600,Lesser Masked Weaver (Mairii),2026-06-10T06:00:00,1.1483,36.9701,MachineObservation,0.244
